<?xml version="1.0" encoding="UTF-8"?>
<project-private xmlns="http://www.netbeans.org/ns/project-private/1">
    <editor-bookmarks xmlns="http://www.netbeans.org/ns/editor-bookmarks/2" lastBookmarkId="0"/>
    <open-files xmlns="http://www.netbeans.org/ns/projectui-open-files/2">
        <group>
            <file>file:/home/miguel/Informatica/0_FP_Desenv-Aplic-Web/CURSO-1_Desenvolvemento-aplicacions-web/MP0485_PROGRAMACION/UD3_Strings-arrays-intro-POO/proyectos-netbeans-UD3/com.rodeira.programacion.utils/src/com/rodeira/programacion/utils/ComRodeiraProgramacionUtils.java</file>
            <file>file:/home/miguel/Informatica/0_FP_Desenv-Aplic-Web/CURSO-1_Desenvolvemento-aplicacions-web/MP0485_PROGRAMACION/UD3_Strings-arrays-intro-POO/proyectos-netbeans-UD3/com.rodeira.programacion.utils/src/com/rodeira/programacion/utils/StringUtils.java</file>
        </group>
    </open-files>
</project-private>
